publisher,name,version,copyright,dateAdded,estimatedReleaseData,license,distributed
"",accepts,"1.3.8","Copyright (c) 2014 Jonathan Ong <me@jongleberry.com>. Copyright (c) 2015 Douglas Christopher Wilson <doug@somethingdoug.com>","","",MIT,false
"Blake Embrey",array-flatten,"1.1.1","Copyright (c) 2014 Blake Embrey (hello@blakeembrey.com)","","",MIT,false
"",body-parser,"1.19.2","Copyright (c) 2014 Jonathan Ong <me@jongleberry.com>. Copyright (c) 2014-2015 Douglas Christopher Wilson <doug@somethingdoug.com>","","",MIT,false
"TJ Holowaychuk",bytes,"3.1.2","Copyright (c) 2012-2014 TJ Holowaychuk <tj@vision-media.ca>. Copyright (c) 2015 Jed Watson <jed.watson@me.com>","","",MIT,false
"Douglas Christopher Wilson",content-disposition,"0.5.4","Copyright (c) 2014-2017 Douglas Christopher Wilson","","",MIT,false
"Douglas Christopher Wilson",content-type,"1.0.4","Copyright (c) 2015 Douglas Christopher Wilson","","",MIT,false
"TJ Holowaychuk",cookie-signature,"1.0.6","Copyright (c) 2012 LearnBoost &lt;tj@learnboost.com&gt;","","",MIT,false
"Roman Shtylman",cookie,"0.4.2","Copyright (c) 2012-2014 Roman Shtylman <shtylman@gmail.com>. Copyright (c) 2015 Douglas Christopher Wilson <doug@somethingdoug.com>","","",MIT,false
"",core-js,"3.21.1","Copyright (c) 2014-2022 Denis Pushkarev","","",MIT,false
"TJ Holowaychuk",debug,"2.6.9","Copyright (c) 2014 TJ Holowaychuk <tj@vision-media.ca>","","",MIT,false
"Douglas Christopher Wilson",depd,"1.1.2","Copyright (c) 2014-2017 Douglas Christopher Wilson","","",MIT,false
"Jonathan Ong",destroy,"1.0.4","Copyright (c) 2014 Jonathan Ong me@jongleberry.com","","",MIT,false
"Jonathan Ong",ee-first,"1.1.1","Copyright (c) 2014 Jonathan Ong me@jongleberry.com","","",MIT,false
"",encodeurl,"1.0.2","Copyright (c) 2016 Douglas Christopher Wilson","","",MIT,false
"",escape-html,"1.0.3","Copyright (c) 2012-2013 TJ Holowaychuk. Copyright (c) 2015 Andreas Lubbe. Copyright (c) 2015 Tiancheng ""Timothy"" Gu","","",MIT,false
"",etag,"1.8.1","Copyright (c) 2014-2016 Douglas Christopher Wilson","","",MIT,false
"TJ Holowaychuk",express,"4.17.3","Copyright (c) 2009-2014 TJ Holowaychuk <tj@vision-media.ca>. Copyright (c) 2013-2014 Roman Shtylman <shtylman+expressjs@gmail.com>. Copyright (c) 2014-2015 Douglas Christopher Wilson <doug@somethingdoug.com>","","",MIT,false
"Douglas Christopher Wilson",finalhandler,"1.1.2","Copyright (c) 2014-2017 Douglas Christopher Wilson <doug@somethingdoug.com>","","",MIT,false
"",forwarded,"0.2.0","Copyright (c) 2014-2017 Douglas Christopher Wilson","","",MIT,false
"TJ Holowaychuk",fresh,"0.5.2","Copyright (c) 2012 TJ Holowaychuk <tj@vision-media.ca>. Copyright (c) 2016-2017 Douglas Christopher Wilson <doug@somethingdoug.com>","","",MIT,false
"Ibrahim Al-Rajhi",growly,"1.3.0","Copyright (C) 2014 Ibrahim Al-Rajhi <abrahamalrajhi@gmail.com>","","",MIT,false
"Jonathan Ong",http-errors,"1.8.1","Copyright (c) 2014 Jonathan Ong me@jongleberry.com. Copyright (c) 2016 Douglas Christopher Wilson doug@somethingdoug.com","","",MIT,false
"Alexander Shtuchkin",iconv-lite,"0.4.24","Copyright (c) 2011 Alexander Shtuchkin","","",MIT,false
"",inherits,"2.0.4","Copyright (c) Isaac Z. Schlueter","","",ISC,false
whitequark,"ipaddr.js","1.9.1","Copyright (C) 2011-2017 whitequark <whitequark@whitequark.org>","","",MIT,false
"Sindre Sorhus",is-docker,"2.2.1","Copyright (c) Sindre Sorhus <sindresorhus@gmail.com> (https://sindresorhus.com)","","",MIT,false
"Sindre Sorhus",is-wsl,"2.2.0","Copyright (c) Sindre Sorhus <sindresorhus@gmail.com> (sindresorhus.com)","","",MIT,false
"Isaac Z. Schlueter",isexe,"2.0.0","Copyright (c) Isaac Z. Schlueter and Contributors","","",ISC,false
"Simon Lydell",js-tokens,"4.0.0","Copyright (c) 2014, 2015, 2016, 2017, 2018 Simon Lydell","","",MIT,false
"Andres Suarez",loose-envify,"1.4.0","Copyright (c) 2015 Andres Suarez <zertosh@gmail.com>","","",MIT,false
"Isaac Z. Schlueter",lru-cache,"6.0.0","Copyright (c) Isaac Z. Schlueter and Contributors","","",ISC,false
"Douglas Christopher Wilson",media-typer,"0.3.0","Copyright (c) 2014 Douglas Christopher Wilson","","",MIT,false
"Jonathan Ong",merge-descriptors,"1.0.1","Copyright (c) 2013 Jonathan Ong <me@jongleberry.com>. Copyright (c) 2015 Douglas Christopher Wilson <doug@somethingdoug.com>","","",MIT,false
"",methods,"1.1.2","Copyright (c) 2013-2014 TJ Holowaychuk <tj@vision-media.ca>. Copyright (c) 2015-2016 Douglas Christopher Wilson <doug@somethingdoug.com>","","",MIT,false
"",mime-db,"1.52.0","Copyright (c) 2014 Jonathan Ong <me@jongleberry.com>. Copyright (c) 2015-2022 Douglas Christopher Wilson <doug@somethingdoug.com>","","",MIT,false
"",mime-types,"2.1.35","Copyright (c) 2014 Jonathan Ong <me@jongleberry.com>. Copyright (c) 2015 Douglas Christopher Wilson <doug@somethingdoug.com>","","",MIT,false
"Robert Kieffer",mime,"1.6.0","Copyright (c) 2010 Benjamin Thomas, Robert Kieffer","","",MIT,false
"",ms,"2.0.0","Copyright (c) 2016 Zeit, Inc.","","",MIT,false
"",negotiator,"0.6.3","Copyright (c) 2012-2014 Federico Romero. Copyright (c) 2012-2014 Isaac Z. Schlueter. Copyright (c) 2014-2015 Douglas Christopher Wilson","","",MIT,false
"Mikael Brevik",node-notifier,"9.0.0","Copyright (c) 2017 Mikael Brevik","","",MIT,false
"Sindre Sorhus",object-assign,"4.1.1","Copyright (c) Sindre Sorhus <sindresorhus@gmail.com> (sindresorhus.com)","","",MIT,false
"",on-finished,"2.3.0","Copyright (c) 2013 Jonathan Ong <me@jongleberry.com>. Copyright (c) 2014 Douglas Christopher Wilson <doug@somethingdoug.com>","","",MIT,false
"",parseurl,"1.3.3","Copyright (c) 2014 Jonathan Ong <me@jongleberry.com>. Copyright (c) 2014-2017 Douglas Christopher Wilson <doug@somethingdoug.com>","","",MIT,false
"",path-to-regexp,"0.1.7","Copyright (c) 2014 Blake Embrey (hello@blakeembrey.com)","","",MIT,false
"",prop-types,"15.7.2","Copyright (c) 2013-present, Facebook, Inc.","","",MIT,false
"Douglas Christopher Wilson",proxy-addr,"2.0.7","Copyright (c) 2014-2016 Douglas Christopher Wilson","","",MIT,false
"",qs,"6.9.7","Copyright (c) 2014, Nathan LaFreniere and other [contributors](https://github.com/ljharb/qs/graphs/contributors). All rights reserved.","","",BSD-3-Clause,false
"TJ Holowaychuk",range-parser,"1.2.1","Copyright (c) 2012-2014 TJ Holowaychuk <tj@vision-media.ca>. Copyright (c) 2015-2016 Douglas Christopher Wilson <doug@somethingdoug.com","","",MIT,false
"Jonathan Ong",raw-body,"2.4.3","Copyright (c) 2013-2014 Jonathan Ong <me@jongleberry.com>. Copyright (c) 2014-2015 Douglas Christopher Wilson <doug@somethingdoug.com>","","",MIT,false
"",react-dom,"16.14.0","Copyright (c) Facebook, Inc. and its affiliates.","","",MIT,false
"",react-is,"16.13.1","Copyright (c) Facebook, Inc. and its affiliates.","","",MIT,false
"",react,"16.14.0","Copyright (c) Facebook, Inc. and its affiliates.","","",MIT,false
"Feross Aboukhadijeh",safe-buffer,"5.2.1","Copyright (c) Feross Aboukhadijeh","","",MIT,false
"Nikita Skovoroda",safer-buffer,"2.1.2","Copyright (c) 2018 Nikita Skovoroda <chalkerx@gmail.com>","","",MIT,false
"",scheduler,"0.19.1","Copyright (c) Facebook, Inc. and its affiliates.","","",MIT,false
"",semver,"7.3.5","Copyright (c) Isaac Z. Schlueter and Contributors","","",ISC,false
"TJ Holowaychuk",send,"0.17.2","Copyright (c) 2012 TJ Holowaychuk. Copyright (c) 2014-2016 Douglas Christopher Wilson","","",MIT,false
"Douglas Christopher Wilson",serve-static,"1.14.2","Copyright (c) 2010 Sencha Inc.. Copyright (c) 2011 LearnBoost. Copyright (c) 2011 TJ Holowaychuk. Copyright (c) 2014-2016 Douglas Christopher Wilson","","",MIT,false
"Wes Todd",setprototypeof,"1.2.0","Copyright (c) 2015, Wes Todd","","",ISC,false
"Jimmy Cuadra",shellwords,"0.1.1","Copyright (C) 2011 by Jimmy Cuadra","","",MIT,false
"",statuses,"1.5.0","Copyright (c) 2014 Jonathan Ong <me@jongleberry.com>. Copyright (c) 2016 Douglas Christopher Wilson <doug@somethingdoug.com>","","",MIT,false
"Douglas Christopher Wilson",toidentifier,"1.0.1","Copyright (c) 2016 Douglas Christopher Wilson <doug@somethingdoug.com>","","",MIT,false
"",type-is,"1.6.18","Copyright (c) 2014 Jonathan Ong <me@jongleberry.com>. Copyright (c) 2014-2015 Douglas Christopher Wilson <doug@somethingdoug.com>","","",MIT,false
"Jeremy Ashkenas",underscore,"1.12.1","Copyright (c) 2009-2020 Jeremy Ashkenas, DocumentCloud and Investigative. Reporters & Editors","","",MIT,false
"Douglas Christopher Wilson",unpipe,"1.0.0","Copyright (c) 2015 Douglas Christopher Wilson <doug@somethingdoug.com>","","",MIT,false
"Jared Hanson",utils-merge,"1.0.1","Copyright (c) 2013-2017 Jared Hanson","","",MIT,false
"",uuid,"8.3.2","Copyright (c) 2010-2020 Robert Kieffer and other contributors","","",MIT,false
"Douglas Christopher Wilson",vary,"1.1.2","Copyright (c) 2014-2017 Douglas Christopher Wilson","","",MIT,false
"Isaac Z. Schlueter",which,"2.0.2","Copyright (c) Isaac Z. Schlueter and Contributors","","",ISC,false
"Isaac Z. Schlueter",yallist,"4.0.0","Copyright (c) Isaac Z. Schlueter and Contributors","","",ISC,false
